session,unit,n_spikes_ch,n_spikes_co,n_spikes_base,MVL_change,pref_phase_change,MVL_cont,pref_phase_cont,MVL_base,pref_phase_base,MVL_CI,rayleigh_Z_ch,rayleigh_p_ch,rayleigh_Z_co,rayleigh_p_co,watson_williams_F,watson_williams_p
sub-CS42_ses-P42CSR1_behavior+ecephys,46,143,904,5114,0.10400718070690057,-0.11960378638188553,0.002640608014481679,-2.9596546084714954,0.021943156204676916,-1.5980968796485022,0.9504798356132769,1.5469015903194954,0.2131692790636096,0.006303420860274966,0.9937198569826836,4.715432271010528,0.030117452814742096
sub-CS42_ses-P42CSR1_behavior+ecephys,47,94,633,3534,0.06983711741442304,-0.15435915945063153,0.03870713780873794,0.6400736891563952,0.012638497995680259,2.2042395472636622,0.28679527573047126,0.45845895906305556,0.6334480650346991,0.9483875134791508,0.38751785042779757,1.6568095198434027,0.1984454267056548
sub-CS42_ses-P42CSR1_behavior+ecephys,48,26,154,1039,0.12287680462151516,1.2029072337488025,0.11184068318378491,-0.5070502412684367,0.019212092434641524,-0.7672956816663168,0.04701874385637936,0.3925664369638443,0.6794416944713894,1.9262841159124255,0.1457226566959456,3.7280359406124117,0.05509523867735722
sub-CS42_ses-P42CSR1_behavior+ecephys,49,37,185,1231,0.18138231524568935,2.0058178904132733,0.12215291889569228,-0.2595013431067796,0.019555412921694874,-2.803624442435979,0.19513186506186297,1.2172831385038054,0.297975981090972,2.7604470850264518,0.06308314119451032,11.75280703412847,0.0007251118994916483
sub-CS42_ses-P42CSR2_behavior+ecephys,43,23,164,1001,0.1229430172067301,-2.115631373399935,0.10956138218518613,-0.573889265534984,0.035425726185686124,0.45642888350632016,0.0575543303977982,0.3476446660375697,0.7107812366940326,1.968606220477861,0.13966487490997845,2.8111972650587713,0.09529744737635204
sub-CS42_ses-P42CSR2_behavior+ecephys,44,24,96,691,0.22077807762806678,0.7611249848330818,0.13323545764093617,-0.7627604205506581,0.05835989360066594,1.188457272829209,0.24728608164829047,1.1698310294674723,0.3136490168183712,1.7041619685878107,0.18216652504218123,4.651074764712251,0.033062783391209605
sub-CS42_ses-P42CSR2_behavior+ecephys,45,24,158,767,0.0695388087139995,-1.4395578080223104,0.12132422816358482,2.479940531642469,0.012051710232253612,0.0834832162063033,-0.2713224115929761,0.11605550201669312,0.8924477294963452,2.325691797639355,0.09759823770441689,3.149345311651493,0.07764767793074179
sub-CS43_ses-P43CSR1_behavior+ecephys,1,135,804,5501,0.10111981252034402,-2.797607404983563,0.06455490306206726,-1.9498503425763747,0.007683794108349764,1.628476745433162,0.22070301632772887,1.3804042253601856,0.2518776387183468,3.3505377495197326,0.03501609333687922,4.03889761383327,0.04474914438826638
sub-CS43_ses-P43CSR1_behavior+ecephys,2,35,224,1542,0.050840795982473055,-1.9103498619032633,0.05950163412658299,-0.5696329662816617,0.011466669341811918,-1.4165428532954603,-0.07849055105592714,0.0904675287646007,0.9146282304002783,0.793059559876359,0.45294263058974993,1.3327483546869858,0.2493892124656547
sub-CS43_ses-P43CSR1_behavior+ecephys,3,11,79,569,0.3837118626752518,-0.8974686884633475,0.061863108644927486,0.8854637299346706,0.01742301444859868,-0.49201761123919,0.7223223357378654,1.6195827291348244,0.20101733726496185,0.30233649268591406,0.7402909418879055,3.6577132600815663,0.059062904553070505
sub-CS43_ses-P43CSR1_behavior+ecephys,4,60,315,2007,0.15878691968472913,-1.7727416805655047,0.05017709132612303,-2.1503286366119707,0.015295174079919979,-1.9975074749362307,0.5197537500989377,1.5127971517778773,0.2209800222076823,0.7930882555942786,0.4527895482227764,0.45042462263126154,0.5025487654511267
sub-CS43_ses-P43CSR1_behavior+ecephys,5,4,64,329,0.08244260923318163,0.9237325129877066,0.10820058088055098,-0.0024737966825537122,0.06388461397324018,-0.4451582912380776,-0.13511089293041542,,1.0,0.7492714049848739,0.4744521029932798,,1.0
sub-CS43_ses-P43CSR1_behavior+ecephys,6,24,142,1082,0.26304728501204244,-1.7787271284439228,0.08344943878326642,-2.7408789588789357,0.03761106594797801,1.3308901268724072,0.5183248033677585,1.6606529796529608,0.1911813272185738,0.9888608543203826,0.37265765267262047,2.0622258959851187,0.1528941797414488
sub-CS43_ses-P43CSR1_behavior+ecephys,7,198,1167,7659,0.07085200163707031,-0.11361092118176598,0.028683657841836407,2.877047794580947,0.012619891539134297,2.8705559211575356,0.42365061944629084,0.993961214923924,0.3705763323762076,0.960151849127863,0.3829166688870945,28.744352291253072,9.689574254068134e-08
sub-CS43_ses-P43CSR1_behavior+ecephys,8,26,132,1146,0.3814959540780395,0.6972050366422257,0.05307470561595242,0.6873760619173328,0.04532598228489655,-2.0707881218843807,0.7557372803155851,3.784018237425754,0.02120039446169213,0.3718340176610415,0.6902599891711522,0.00021931163462812967,0.988203343282676
sub-CS43_ses-P43CSR1_behavior+ecephys,9,8,68,649,0.15462497766557823,-0.88494127799425,0.11458421034257252,-1.5585571358753407,0.03467203621213345,2.934932107484716,0.14873477246175346,0.19127106974464453,0.8348251241789763,0.8928088056685014,0.4110030421439312,0.26106577806296327,0.6109099446151234
sub-CS43_ses-P43CSR1_behavior+ecephys,10,218,1154,7402,0.08396877823608453,3.1246733329321397,0.032088220642588344,-2.816855267279275,0.009449117371378535,-1.5490492438139984,0.44702653088361033,1.537064746624442,0.21518751341305048,1.1882206052245774,0.3048267982661606,0.7414772611185776,0.389338745841154
sub-CS43_ses-P43CSR1_behavior+ecephys,11,119,610,3948,0.10406938631600957,-0.9679040069994352,0.0010763843000390306,2.659547739625369,0.01279339442944632,0.6245377472783061,0.9795258659719264,1.2888220230147098,0.27612933055694777,0.0007067479284360135,0.9992940802892427,1.2522399437764036,0.2634946851261768
sub-CS43_ses-P43CSR1_behavior+ecephys,12,7,35,365,0.17105824756528065,2.6217592900213713,0.07912718701535429,-2.0150679842257886,0.11533995606864506,-1.4608580774118436,0.36745168920014376,0.20482646842073393,0.8254877138907868,0.21913891037369984,0.8054498028194435,1.0872376746819756,0.3033452803672928
sub-CS43_ses-P43CSR1_behavior+ecephys,13,4,78,513,0.11120155387165784,1.1302260592615396,0.04235071606384689,2.197628142141399,0.018432753714605503,-1.1758021570291166,0.44838697491564145,,1.0,0.13989948578740516,0.8701703078795414,,1.0
sub-CS43_ses-P43CSR1_behavior+ecephys,14,12,53,855,0.14851195555133265,-1.6244242232022819,0.18119479402788996,0.6398479219276749,0.040147965232007234,2.0513580028604688,-0.09912699245092103,0.2646696113001721,0.7748312302625437,1.7400723292889015,0.17589082313467347,3.303166310312611,0.07390245366537962
sub-CS43_ses-P43CSR1_behavior+ecephys,15,248,1479,8811,0.07214926352992941,-1.7129246500756536,0.02479476425000612,1.9117055285831104,0.0057543975784629265,-1.5657001863010231,0.4884725791197653,1.2909680245219781,0.27525897895504814,0.9092601143015914,0.40288970903726756,33.152034132514125,1.0068468392354646e-08
sub-CS43_ses-P43CSR1_behavior+ecephys,16,249,1654,10242,0.044020014165380844,0.0030164865471795973,0.01671202544634328,2.697017402060622,0.016079867317897557,1.6741819418000647,0.44964715319335075,0.48250265013296223,0.6176908669752811,0.46194862813479864,0.6301223765749178,20.616546147710856,5.9626086374997556e-06
sub-CS43_ses-P43CSR1_behavior+ecephys,17,35,205,1539,0.12394276730393268,3.0647621781825154,0.03696179057775815,2.476805361102232,0.01040542449006254,-2.787173183746597,0.540574971096403,0.5376633348434882,0.5874154233947075,0.2800656623563805,0.7561781852332403,0.49316236688626325,0.4832062545672853
sub-CS43_ses-P43CSR1_behavior+ecephys,18,114,620,3618,0.12764634645484313,-1.6313151912841226,0.01676310371567345,2.266665042602851,0.01656480275992101,-2.8153573097547477,0.7678392418795332,1.8574692330127622,0.1561590000919101,0.1742210206331035,0.8402189450270013,15.44016754985122,9.322594337568546e-05
sub-CS43_ses-P43CSR2_behavior+ecephys,1,183,890,3597,0.07277162089311086,0.8264221582802919,0.02404478597735844,-2.9242519294752505,0.0045031050667344264,-0.5881259304222819,0.5032910897111071,0.9691147117561487,0.3799381747431394,0.514555042100306,0.5978948924776788,22.44807462955907,2.4494490403759173e-06
sub-CS43_ses-P43CSR2_behavior+ecephys,2,43,257,1009,0.06939465034276121,0.1011282485669379,0.03767194566778697,-0.2104962009953625,0.017063176156077976,2.4067131854974733,0.2962894670887727,0.2070715523363458,0.8147163165386793,0.36472810103195025,0.694788492186138,0.11443478526335145,0.7353888083025744
sub-CS43_ses-P43CSR2_behavior+ecephys,3,12,98,370,0.2511745073147192,2.277290384627569,0.08409129202842258,1.0714880107486975,0.03482886629614603,-2.4429847447083404,0.49836045195677214,0.7570635974975031,0.47854732337013967,0.6929918487109259,0.5012373960874593,1.6647576266338207,0.19971785398391118
sub-CS43_ses-P43CSR2_behavior+ecephys,4,57,334,1482,0.2190936317398735,0.4269204190933517,0.02451283349452917,-3.024920125110647,0.014895567057953734,-2.834204995597943,0.7987505506395943,2.7361151097311365,0.06424007226163946,0.2006935879807907,0.8183842280300409,16.134016975751,7.084415176938919e-05
sub-CS43_ses-P43CSR2_behavior+ecephys,5,12,64,283,0.2261981906325607,-2.387286827574727,0.19962931497753506,-1.0200849093077478,0.011320154746734987,-2.147797174397552,0.062393516870075404,0.6139874573453312,0.5510275576140409,2.550519257497594,0.07760762487048962,2.3272525829613047,0.13138891078943393
sub-CS43_ses-P43CSR2_behavior+ecephys,6,38,201,849,0.07984990073331938,2.355003613565872,0.0709472988738664,0.8407559673493701,0.008891871370696084,-2.0012814598398094,0.059036917679131426,0.24228825259059641,0.7870305168648873,1.0117373627170427,0.364040207078961,2.724065955464392,0.10017048336497458
sub-CS43_ses-P43CSR2_behavior+ecephys,7,199,1143,5174,0.02949845763124645,-2.7097542237981367,0.02359864900928008,-1.8009026226915794,0.033572403785436404,0.01663286351878137,0.11111356145841897,0.17316164152186594,0.8413358424146004,0.6365323966772326,0.5292245093583504,1.9585854994094571,0.16189612433803569
sub-CS43_ses-P43CSR2_behavior+ecephys,8,27,176,800,0.1671299234006176,0.7398428053503822,0.022645916970153928,0.11225393301753538,0.03252743117663296,0.7682405262806216,0.7613403589633979,0.7541751049892004,0.47455196285319934,0.0902594097537626,0.913917730937941,0.4271472698309258,0.5141390285262672
sub-CS43_ses-P43CSR2_behavior+ecephys,9,27,105,548,0.18677461285764185,-1.9203061173890952,0.06812989841747247,1.5822534654047253,0.029909056651467685,-0.3824198327738996,0.46544768410205994,0.9418884122192938,0.3935594848653248,0.48737672112938735,0.6153159478795263,9.960374104480596,0.001987957841214638
sub-CS43_ses-P43CSR2_behavior+ecephys,10,181,1185,5248,0.03651823161675427,1.8816800954600144,0.02278223781494663,2.4895259177744795,0.01637415533159305,2.4985987066748585,0.23163381223529805,0.24137820451509892,0.7860051227827318,0.6150509764302893,0.5407105135216551,0.9878299314523795,0.3204496168486901
sub-CS43_ses-P43CSR2_behavior+ecephys,11,115,547,2398,0.018635467998070507,-1.980865030933488,0.0520255113869949,-1.2804539397086128,0.022574772060511252,-2.088809633135178,-0.47253864409331353,0.03993727676331765,0.9610130256131217,1.4805396477878496,0.22759498188248856,0.494268071838063,0.48227747634924645
sub-CS43_ses-P43CSR2_behavior+ecephys,12,16,83,334,0.08420760073182909,-1.2743273967598523,0.09992717894983145,2.891074098212796,0.0211402059713072,-0.7386224620914575,-0.08536995696944917,0.11345472033617829,0.8957165332888035,0.828791610708346,0.43785995472925854,2.129106747304394,0.14775576525450185
sub-CS43_ses-P43CSR2_behavior+ecephys,13,4,92,426,0.11543394632122926,-1.5460603299673548,0.05156696873599737,1.1520913889776179,0.04588588795868223,-0.6208417859936376,0.38243489602045844,,1.0,0.2446420083449784,0.7838987917592717,,1.0
sub-CS43_ses-P43CSR2_behavior+ecephys,14,38,230,870,0.127279572749256,-2.36062261709867,0.09684644532275873,-3.0933529478613027,0.025412185323693937,0.06523943772133882,0.13578578555176354,0.6156034062908597,0.5433686650264402,2.157223813480442,0.11560305388715451,1.1482002021154738,0.284897470348321
sub-CS43_ses-P43CSR2_behavior+ecephys,15,222,1356,5975,0.08256443686360959,1.5229106269380885,0.0314229032579581,0.33739163328549593,0.009647417623138577,2.0990106355816374,0.4486597682787313,1.5133487440823044,0.22035481825818065,1.3389128394595955,0.26217329376142345,8.941962227389624,0.002830139525184072
sub-CS43_ses-P43CSR2_behavior+ecephys,16,259,1632,7053,0.04476736516318859,3.1005412156552756,0.015403577341301863,0.8094223482680816,0.010490103497990134,1.0767143083425232,0.4880061139094731,0.5190662987664564,0.5955178572833931,0.3872249580922521,0.6790033018596191,17.514232475037264,2.9825231868230162e-05
sub-CS43_ses-P43CSR2_behavior+ecephys,17,36,258,1181,0.3078928635871696,0.8534054720769966,0.026485035034698075,2.570993006593882,0.036524148313759316,-0.30691251809488357,0.841586210429244,3.4127285561246676,0.031817518037129906,0.18097592684360958,0.8347216108353894,6.109738338688991,0.014014073405037908
sub-CS43_ses-P43CSR2_behavior+ecephys,18,89,618,2504,0.1202729040258068,0.8181160733764528,0.01166776554659724,0.46167290702035985,0.017715626633768522,1.1058902668743953,0.8231361780350157,1.287435858409283,0.2766947936767112,0.08413251326152346,0.9193693614576096,0.27919147210713446,0.597397930135281
sub-CS44_ses-P44CSR1_behavior+ecephys,41,33,187,1370,0.3852057886277879,2.2247290075845827,0.017379105307478254,-0.02466098461762883,0.02106601013844818,0.7485764511445046,0.9136624072622419,4.896655486547749,0.006651975660155936,0.056480227340934316,0.9452237752577798,5.335800760625333,0.021827354752183226
sub-CS44_ses-P44CSR1_behavior+ecephys,42,8,65,559,0.27451369042583174,-2.298757679357558,0.1722017105317867,1.7076166877976267,0.04323415909517767,2.330474052954202,0.2290316825314732,0.602862129849675,0.5621829398202122,1.927472892154762,0.14559659321481916,4.143747262069033,0.04552163943204346
sub-CS44_ses-P44CSR1_behavior+ecephys,43,109,506,3175,0.0995086869022168,1.2717868344391032,0.018359917814211348,1.2466718152368124,0.012346279257801492,-1.1261559629398237,0.6884680554523879,1.0793156858213722,0.340606935713267,0.17056581056516515,0.8433175837789252,0.0016262891807003283,0.967845338974862
sub-CS44_ses-P44CSR1_behavior+ecephys,44,46,207,1703,0.21556917966771483,-2.1712445421162245,0.05830657547574861,0.06681466580089011,0.021246059247706447,-0.8965292950924949,0.5742114854583893,2.1376232762401295,0.11774575278284205,0.703728945947798,0.4952830437782673,13.249074254328136,0.0003311109343953067
sub-CS44_ses-P44CSR1_behavior+ecephys,45,31,252,1674,0.16768109437107678,-0.10350774779287589,0.08839263961783733,2.1829820325265894,0.015929119710251214,-2.559562209433182,0.3096313453088164,0.8716254316939407,0.42164042500772836,1.968941202129434,0.13961321029674392,9.023246003853211,0.0029058621136935914
sub-CS44_ses-P44CSR1_behavior+ecephys,46,50,207,1502,0.09369885331722845,-1.935035659468361,0.08698347877791993,2.4642319510110893,0.026061379364032633,-2.486446860682392,0.03716674708278709,0.43897375564817465,0.6469144782886388,1.566187995123931,0.2090119512685156,6.027891817987933,0.014749872100447647
sub-CS44_ses-P44CSR1_behavior+ecephys,47,35,168,1425,0.2468142643112696,1.1328402635838903,0.03608404960376778,-2.4557182262731985,0.02834150961709499,1.663776266799697,0.7448973865952069,2.132104837362964,0.11834825546469191,0.2187458508156052,0.8039918403401513,11.300464733189223,0.0009274691268265078
sub-CS44_ses-P44CSR1_behavior+ecephys,48,37,201,1964,0.05987559195842564,-1.8627531013650842,0.044631218386668975,2.1532228261102144,0.016958947044110426,2.745715400524425,0.14586966649750222,0.13264820095775978,0.8772365754704814,0.40038107659038635,0.6705988148283175,3.5872108916133305,0.059448792356449065
sub-CS47_ses-P47CSR1_behavior+ecephys,55,14,99,457,0.4499740060233785,-0.4623944622908313,0.07333552539033733,2.5223641890345334,0.030977955179754726,-2.2530194463829605,0.7197240983086164,2.8346724853541847,0.05609232269899573,0.5324318291434043,0.5883368158227258,13.53974810185015,0.0003620271686720633
sub-CS47_ses-P47CSR2_behavior+ecephys,31,48,253,1311,0.11759598194306568,-0.4019877191490798,0.07922698829893579,-1.7646052640388818,0.008378781843727338,1.892406640081036,0.1949416452609862,0.6637831185193839,0.5172952126739184,1.5880596657546864,0.20445428717838648,4.095256265213849,0.04389292446426962
sub-CS47_ses-P47CSR2_behavior+ecephys,32,25,156,849,0.26609518158609535,-1.261361154523439,0.046824364714701104,2.875324333943971,0.03314200164436599,-1.348018904142523,0.7007258557783361,1.7701661415834264,0.17103347115925555,0.3420332964259139,0.7109705204212475,7.791576347045233,0.005818838147915284
sub-CS47_ses-P47CSR2_behavior+ecephys,33,30,126,784,0.11428046347685158,-1.0737046362412184,0.024888445779448036,0.03742506218902473,0.0515932674743816,-3.0764708110394263,0.6423275009849739,0.39180072997452026,0.6794044064505662,0.07804877639788212,0.9251943722151225,1.0152188969795395,0.3152363094522622
sub-CS47_ses-P47CSR2_behavior+ecephys,34,60,296,1476,0.24286491550104042,0.359836141692797,0.21296240350714257,3.1109215679663302,0.01596358625556716,-3.1181223431028124,0.06560052622331097,3.5390020308796504,0.028372329056424186,13.424483651031547,1.2947115381094254e-06,35.27055597763581,6.8567382882633865e-09
sub-CS47_ses-P47CSR2_behavior+ecephys,54,22,151,707,0.14110961888203744,1.8065922193949975,0.08652911384862898,2.569978067425331,0.042983789274710034,1.9087646312946436,0.2397680938506456,0.43806233990274485,0.6503433921287863,1.1305804190577782,0.3233734994216634,0.776062783264197,0.3795844855360486
sub-CS48_ses-P48CSR1_behavior+ecephys,50,25,123,754,0.10303433094188286,1.3473610588513691,0.07446524111720425,-2.381089120722892,0.03872266209850857,-1.376023416674879,0.1609530067777761,0.265401833816036,0.7704348680645848,0.682043872561134,0.5065089627928313,4.904182713995535,0.02834155044739195
sub-CS48_ses-P48CSR1_behavior+ecephys,51,11,76,452,0.28989102308287207,0.6163367712597784,0.16368145649017288,-0.6503748900276453,0.05789405081559707,1.2225849129643873,0.2782566674051792,0.924404857904377,0.4061563591170921,2.036163059104571,0.13049786938577793,2.2542507946035992,0.136953751888108
sub-CS48_ses-P48CSR1_behavior+ecephys,52,9,200,983,0.21573570435757153,0.2886392985091525,0.0789006813188102,-1.3298404408296132,0.041828753763558754,-1.6272792649080219,0.4644199755730649,0.41887704721191754,0.6701063192599669,1.245063502514489,0.28826215440217956,2.0721202991355865,0.15152334610435925
sub-CS48_ses-P48CSR1_behavior+ecephys,53,22,151,931,0.0922085598189361,-0.5524230609092337,0.07449857540878367,-2.166308887424609,0.020053169687655983,-2.016393069282502,0.1062341116111246,0.18705320708541096,0.8325936613507354,0.8380556984286722,0.43325020512359935,2.069986960583254,0.1520506252400884
sub-CS48_ses-P48CSR1_behavior+ecephys,54,19,97,577,0.27719402773025636,0.5034630381254844,0.047616680646435906,2.308085281150159,0.07036472765670505,-1.4735957843201373,0.7068035048203307,1.4598940511771206,0.2347838502782601,0.21993278275111242,0.8033826397645779,4.015164066648708,0.04746428263245672
sub-CS48_ses-P48CSR1_behavior+ecephys,55,14,110,868,0.15190344121989163,-0.3897326164405134,0.06341479210662183,0.3411595141679797,0.024072381570992906,-0.6091544177738079,0.4109668175620018,0.323045176362231,0.7309900342522182,0.4423579443718674,0.6435274424813593,0.45260946161538473,0.5023706593357337
sub-CS48_ses-P48CSR1_behavior+ecephys,56,40,266,1697,0.07572617061212628,0.2803539815620586,0.04241338916970181,-1.294816643055478,0.02814722009805182,-1.837718103557001,0.28197820868762496,0.2293781166230743,0.797046896760988,0.47850622450891395,0.6201327737796384,2.753818256298629,0.09805369122708973
sub-CS48_ses-P48CSR1_behavior+ecephys,57,41,166,922,0.057781850641281385,0.881743795561997,0.02261381251415017,0.08096790132345695,0.015577609841711328,0.4984983321496828,0.43743700526656143,0.13688843280478535,0.8734218699177474,0.0848898297265724,0.9188382644721478,0.46789857368827403,0.4947280160458212
sub-CS48_ses-P48CSR1_behavior+ecephys,58,16,79,584,0.3938233442395326,0.09650393566019183,0.14800686912287883,0.5077170410539393,0.0400164591393937,-1.1653831016042446,0.4536780508993795,2.48154922348815,0.08197663373528419,1.7305766312970015,0.1774476477993362,0.4162180405346841,0.5204186487578496
sub-CS48_ses-P48CSR1_behavior+ecephys,59,26,202,1290,0.22405992727009513,1.9219449540278992,0.05078458832659556,2.144543224407229,0.023593009116722314,-0.57187649500902,0.6304485958808992,1.3052741262152883,0.27353256731270553,0.5209730311233608,0.5945094128136885,0.0980466822474961,0.7544751777262584
sub-CS48_ses-P48CSR1_behavior+ecephys,60,14,109,646,0.0628345381512786,0.031452059582945294,0.14873474892030114,-0.8656750052366944,0.02520458613611668,1.9768504202889188,-0.4060145589088275,0.05527450858558279,0.9480259837158094,2.411300783465967,0.08949314896491989,0.36193413364790017,0.5485595506302132
sub-CS48_ses-P48CSR1_behavior+ecephys,61,13,61,480,0.4016289748778012,-1.2973510490993803,0.1549115634879487,2.3792715464730723,0.07804974309652585,-1.9731985738517066,0.44330537379060353,2.096975834998115,0.12235541721645829,1.4638531426391266,0.23209822050794301,10.974576704657826,0.00144720003396559
sub-CS48_ses-P48CSR1_behavior+ecephys,109,2,28,106,0.772885264609298,-1.2450602169067246,0.19759129799894756,-1.4775208589058324,0.08080327613974748,-0.05791270593968534,0.5927953221911868,,1.0,1.0931849892574492,0.3381806620234252,,1.0
sub-CS48_ses-P48CSR1_behavior+ecephys,110,4,21,187,0.8330937629051662,-2.4523074711388424,0.1780689939845367,3.0022168471734463,0.1053708926507939,-2.09660843550849,0.6477936063779287,,1.0,0.6658798989919644,0.5193437752648614,,1.0
sub-CS48_ses-P48CSR1_behavior+ecephys,111,9,62,281,0.2826316981955981,2.103868324330925,0.043155921368963984,2.851875825706023,0.0657730461743786,-1.5663349604463106,0.7350671494107426,0.7189260914243487,0.5002663697200831,0.11547088005066054,0.8917273727490027,0.3782100698662123,0.5405856805013417
sub-CS48_ses-P48CSR1_behavior+ecephys,112,18,123,885,0.1421219012866602,-1.7002030671932058,0.03798461038671493,-1.2046808351358425,0.02307697657142776,-0.35037692383472113,0.5781983668019689,0.3635754268560333,0.7009698280904985,0.17746816702635543,0.837938055581047,0.20952557054093968,0.6478542247711117
sub-CS48_ses-P48CSR1_behavior+ecephys,113,4,14,105,0.263079722487349,0.3724679234400597,0.16063196479510777,-1.3547031012070219,0.026526756671668997,1.3805292639396451,0.24178648068290598,,1.0,0.3612367935951144,0.7042433446844664,,1.0
sub-CS48_ses-P48CSR1_behavior+ecephys,114,10,55,401,0.3737657941516686,0.27453135855708466,0.12566999773314488,-1.5370629215824516,0.007909550398490284,-0.7744843628088621,0.4967521360097934,1.397008688778275,0.25298384830558723,0.8686121581636751,0.4214238444933819,4.195434405775888,0.04470553953284295
sub-CS48_ses-P48CSR1_behavior+ecephys,115,6,43,119,0.3643299487526187,0.5757931559396823,0.15983746034038954,-2.8640107084918793,0.04020646208151253,0.7744616668096496,0.39012820115251395,0.7964178693485147,0.4702497598743581,1.0985645903068209,0.3352968302459795,4.980595467943243,0.030439334052787315
sub-CS48_ses-P48CSR1_behavior+ecephys,116,6,44,278,0.2727211888497634,-1.592320680297549,0.15747592329592655,-2.8640194443407943,0.003516026995060811,1.294075159839474,0.26788944486174987,0.4462610810857698,0.6590737709222692,1.0911413223878,0.3377523747139689,1.1480281649875794,0.2893202108564391
sub-CS48_ses-P48CSR1_behavior+ecephys,117,3,8,104,0.4184982667030605,0.441730810595335,0.640503772162842,0.43549457691298205,0.0419157635455086,1.2519204124486185,-0.20963652317188153,,1.0,3.281960657238639,0.0320067906722359,,1.0
sub-CS48_ses-P48CSR1_behavior+ecephys,118,56,383,1957,0.11044592772517434,0.8785579055192141,0.01066866077525193,1.8327368557544426,0.012286316040443763,-2.99084332707086,0.8238253391710219,0.6831049652601683,0.5070874806799527,0.04359318360842386,0.9573966180910616,1.1173020311991744,0.29108410895160586
sub-CS48_ses-P48CSR1_behavior+ecephys,119,24,140,1019,0.11270398514513712,-0.3215629063680737,0.051194041046415256,-2.255403931235388,0.0425971867444894,1.7265185065903097,0.37529398936649433,0.3048525184222869,0.7412134092870125,0.36691617741268706,0.6936097546687966,3.3320645486435403,0.06978317567855641
sub-CS48_ses-P48CSR1_behavior+ecephys,120,46,307,1923,0.09329341037952381,1.249403473594701,0.03745664828008926,2.1148951383849153,0.01822963709961617,-2.0673880781997203,0.42704961414049275,0.40036837933114305,0.6724130491932809,0.43072115361614227,0.65039814591725,1.1870522023630903,0.276672410242659
sub-CS48_ses-P48CSR1_behavior+ecephys,121,20,69,450,0.1861016679115456,-0.5204114448806596,0.1070947862876198,0.9272440458758014,0.0757958521102297,-2.4650899552920493,0.26946738438472795,0.692676615989184,0.5059998480438151,0.7913812342493761,0.4547987541420973,2.7241939558651076,0.10244374891998775
sub-CS48_ses-P48CSR1_behavior+ecephys,122,2,15,57,0.7400187236251212,0.5153569179662982,0.23553291445227725,3.137042956804055,0.08245080142323326,2.786128654254011,0.5171287602643735,,1.0,0.8321363068557563,0.442380950815899,,1.0
sub-CS48_ses-P48CSR1_behavior+ecephys,123,3,4,33,0.4261304849194547,-3.119264736677954,0.3608847674558594,-1.0320463507133681,0.25319523822375795,-0.5503516979776365,0.08290273570515345,,1.0,,1.0,,1.0
sub-CS48_ses-P48CSR1_behavior+ecephys,124,26,144,842,0.06759221150501403,-1.4879871486684073,0.07739873125033939,2.535868723638731,0.016430816217598333,-0.559097716975864,-0.06763539541826503,0.11878638345960234,0.8899004117832264,0.8626411582793658,0.4227671961051065,2.9757830473832465,0.08635820901688673
sub-CS48_ses-P48CSR1_behavior+ecephys,125,94,562,2772,0.06942951667945181,2.2449793900312267,0.018240597113831844,-2.4508241184315356,0.020108293266138794,2.461283363584209,0.5838810667717134,0.45312303191617403,0.636827243690978,0.1869882932848514,0.8295785298216317,4.825877939149695,0.02838570648118055
sub-CS48_ses-P48CSR1_behavior+ecephys,126,28,197,1384,0.14750529816214586,1.7453524959017772,0.10328193486541937,-0.4510614597559906,0.0355110263365985,-2.8091150507577582,0.17633817624147435,0.6092187636052995,0.547933605344685,2.1014301397003115,0.1222483770679564,6.938148173010838,0.009028702175383874
sub-CS48_ses-P48CSR1_behavior+ecephys,127,2,22,178,0.9586400704519674,-0.9198245448088649,0.24498580493849584,-0.9194308810245403,0.055899131245007776,2.1806023648405044,0.5929203418645,,1.0,1.32039698166998,0.269849608163309,,1.0
sub-CS48_ses-P48CSR1_behavior+ecephys,128,52,388,2413,0.25457183344396295,0.831722940957261,0.016241438791163534,-2.9420086695535246,0.031361055127222225,-2.3502256254651073,0.8800543366496283,3.369954555917082,0.03361330802309584,0.1023483215947593,0.9028280059171535,11.016865727487865,0.0009782923093987206
sub-CS48_ses-P48CSR1_behavior+ecephys,129,0,2,49,,,0.883017301151568,-0.5940206019206203,0.09534506128314806,2.065645856275949,,,1.0,,1.0,,1.0
sub-CS48_ses-P48CSR1_behavior+ecephys,130,3,19,134,0.40044871671142285,1.6328832319172633,0.10234845368835505,-1.3743713166128801,0.10191877013363558,1.6688676668199445,0.5928837323926187,,1.0,0.19902891347554977,0.8233903516986608,,1.0
sub-CS48_ses-P48CSR1_behavior+ecephys,131,4,115,741,0.11498550095855994,1.0564974304512897,0.02974671304899481,-0.5966519553525397,0.007994159307176023,-0.9304557486247904,0.5889413666063025,,1.0,0.10175969778021238,0.9036255975459571,,1.0
sub-CS48_ses-P48CSR1_behavior+ecephys,132,31,152,1461,0.10836095203467672,-2.072731847158063,0.1011911135383422,-0.9343661340394614,0.015921429812492442,0.12052337453298184,0.03421506954240051,0.36400497370170676,0.6982381108105274,1.5564255017877087,0.2111295552675372,1.8475037436345412,0.17576511554668095
sub-CS48_ses-P48CSR1_behavior+ecephys,133,2,22,183,0.7184597898034556,0.5196484091157746,0.1977892161110235,1.033101302711055,0.10985087104959375,-2.581632132916795,0.5682631799122851,,1.0,0.8606526282158896,0.42770017334022054,,1.0
sub-CS48_ses-P48CSR1_behavior+ecephys,134,17,117,638,0.15747513314400202,-0.8836934896029971,0.08850717038571404,1.0958093186438278,0.06352397383742057,-2.6271576726185897,0.2803777416856179,0.42157309849825975,0.6624960556613723,0.9165217475332404,0.4007598783000882,3.733810223426666,0.05546373082885625
sub-CS48_ses-P48CSR1_behavior+ecephys,135,13,119,548,0.1899748821292786,0.4239819086754096,0.06307790199379947,1.936706099303921,0.03588435358122783,-1.2943918148673066,0.5014644694593039,0.4691759259204329,0.6342906427643434,0.4734797846727851,0.623778526024658,2.065555131352397,0.15306259458160265
sub-CS48_ses-P48CSR1_behavior+ecephys,136,15,79,391,0.07308090929293802,0.6804935821595206,0.13641949164094017,-2.6977270237629383,0.043793884015707524,-0.1208791779671868,-0.302331556720948,0.08011228954623952,0.925362915558269,1.4702119382662309,0.23044984497911644,2.4179755869592956,0.12338332983796574
sub-CS48_ses-P48CSR2_behavior+ecephys,77,21,168,802,0.16873488421360797,-2.5393325973384706,0.07468240326490763,-1.764852436877495,0.02014072305838999,-2.0654673930590515,0.3863837360236855,0.5979006841621735,0.5555304361033889,0.937013508046944,0.3923787259372232,0.8742531702375019,0.3509863751382435
sub-CS48_ses-P48CSR2_behavior+ecephys,78,2,17,32,0.39926192811590727,0.4522371257297847,0.27439743944435935,1.5749617165084722,0.3778804803335387,2.0827736629727664,0.1853525604843272,,1.0,1.2799972311515546,0.28197441984259813,,1.0
sub-CS48_ses-P48CSR2_behavior+ecephys,79,9,38,189,0.5493711577956447,0.05614042379342234,0.10562580019583814,3.0151480753676805,0.0830648311181485,0.7494005509507724,0.6774769747947086,2.7162780211595448,0.0621941582553983,0.4239587673464226,0.657340433758592,9.135504727321676,0.004127677547987707
sub-CS48_ses-P48CSR2_behavior+ecephys,80,8,56,310,0.20542039392980768,-0.0315662045892831,0.0991617380766458,-1.391961192164139,0.057679234895718565,-2.976485832355659,0.3488670039610547,0.33758030593821897,0.7261676143249662,0.5506508167093531,0.5786382520161236,1.1843034701884996,0.2806939326117809
sub-CS48_ses-P48CSR2_behavior+ecephys,81,27,135,1075,0.033009523978117225,-2.0503837151540947,0.06661861172233123,0.9580088785883496,0.02409276962665224,-2.09374078883597,-0.33734534434395447,0.02941997417807119,0.9715270717462513,0.5991353227544484,0.5501419920413138,1.8656970176676162,0.17388561791718993
sub-CS48_ses-P48CSR2_behavior+ecephys,83,3,21,148,0.2747432493719009,0.05276946161450969,0.37225388018360084,3.0442845049683585,0.016096759208461094,0.416464356951628,-0.1507126173476093,,1.0,2.9100319775466796,0.05267963391199178,,1.0
sub-CS48_ses-P48CSR2_behavior+ecephys,84,2,26,220,0.7052588913735411,0.18072944505728303,0.16682350559862177,-3.026337784645999,0.09500402260451576,2.6371751006722706,0.6174134320843382,,1.0,0.7235821325255481,0.4893823372053755,,1.0
sub-CS48_ses-P48CSR2_behavior+ecephys,86,4,37,235,0.8458428953322675,1.638432321606522,0.08167701214579735,-3.106350293343008,0.09282613151805308,-2.777331804182789,0.8238808429074522,,1.0,0.24683196958339496,0.7835583237239618,,1.0
sub-CS48_ses-P48CSR2_behavior+ecephys,87,10,54,236,0.6571863514906535,-0.9341739038650204,0.14819401398256932,-0.08317236007306397,0.09135394531506566,-0.8492219001246535,0.6319900004130498,4.318939005855968,0.009687914481140899,1.1859191521343613,0.30684813101307123,1.61371531941391,0.20871683910005234
sub-CS48_ses-P48CSR2_behavior+ecephys,88,8,41,280,0.3365179181442307,0.48108387270893294,0.12891844318741286,-2.0596229787686537,0.07907987443769977,2.516020327826529,0.44603192230805155,0.9059544738570173,0.4174667314974256,0.681418564748514,0.5086943560441529,5.219453363274531,0.026894930229498404
sub-CS48_ses-P48CSR2_behavior+ecephys,89,24,113,628,0.10342494282776607,-1.73655753105334,0.05241300592265644,-0.5242754647359691,0.039616330055996817,-1.347436751478958,0.32733963270272654,0.25672125117424033,0.7771961662914989,0.3104249204528714,0.733986686441411,1.285599163993338,0.2588699989223203
sub-CS48_ses-P48CSR2_behavior+ecephys,90,70,259,1220,0.021855916515282996,0.7229358661673265,0.03187899384065026,-2.0249536673397897,0.022502352787069958,-1.1530493426434525,-0.18652822269499783,0.033437676070611405,0.967341857500842,0.2632139943076843,0.768916610836609,2.988834100841642,0.08478436559027558
sub-CS48_ses-P48CSR2_behavior+ecephys,91,3,12,77,0.9926243766691984,1.9591469913914688,0.1829426079821154,2.049711283744033,0.06842958269554458,-1.4450245466869667,0.6887585133460035,,1.0,0.40161597378357544,0.678300236143173,,1.0
sub-CS48_ses-P48CSR2_behavior+ecephys,92,80,354,1949,0.11122152266037512,-0.7804700420183619,0.02345485038742807,-2.3420586028843777,0.012822434192154628,-2.8525407171923174,0.651685743287684,0.9896181682313869,0.3728882603921383,0.19474602237060873,0.8232480074485711,5.156382400603556,0.02365259475237591
sub-CS48_ses-P48CSR2_behavior+ecephys,93,1,5,31,1.0,1.1357522822302304,0.21243080161353928,0.05618891972684439,0.06080876167624732,1.422065461864595,0.6495786789137492,,1.0,0.22563422737085442,0.8140348710733988,,1.0
sub-CS48_ses-P48CSR2_behavior+ecephys,94,2,9,95,0.6641324677113172,1.8888132007700615,0.06998598551102057,2.0722320617858325,0.13868904890455136,0.15272016880292613,0.8093332616723521,,1.0,0.044082343511539036,0.9591337754283246,,1.0
sub-CS48_ses-P48CSR2_behavior+ecephys,95,4,26,191,0.5262326648665854,0.6821689316306959,0.29390110752972703,-2.7336609394664624,0.02036213054932724,-0.2437981895321123,0.283284953207108,,1.0,2.2458243861872043,0.10526750287053578,,1.0
sub-CS48_ses-P48CSR2_behavior+ecephys,96,61,348,1875,0.13608470436027384,0.3144955118335454,0.09285269923075547,-3.017537080282896,0.012571403453748985,2.909711078289002,0.18883766676566072,1.129661852410211,0.32445859835353347,3.0003250665441232,0.04966328001659079,18.12037721551075,2.5769007736320404e-05
sub-CS48_ses-P48CSR2_behavior+ecephys,97,4,20,106,0.5232066997685038,0.7053572962549656,0.08146735247271267,-2.912063908519378,0.1422105406513039,-1.5200131199103357,0.730541265428027,,1.0,0.13273859037826405,0.8783992033169665,,1.0
sub-CS48_ses-P48CSR2_behavior+ecephys,99,37,158,657,0.18055976552026468,2.9839117115898492,0.1429056102543672,-3.0245383948394884,0.06752856818833439,-2.961721952263388,0.11640861151127427,1.2062676702151196,0.3012856960670685,3.2266781238633504,0.03943900733574673,0.22588865297575836,0.6351266680923673
sub-CS48_ses-P48CSR2_behavior+ecephys,100,3,30,104,0.8152713171336398,1.6811870256524182,0.2598252364845865,-2.764752304332965,0.18173514465996066,-0.05570137344135763,0.5166476246060927,,1.0,2.0252746054281388,0.1319078795195115,,1.0
sub-CS48_ses-P48CSR2_behavior+ecephys,101,0,2,29,,,0.8760318644034425,0.3298124712973733,0.20613580298876194,2.0237389557023375,,,1.0,,1.0,,1.0
sub-CS48_ses-P48CSR2_behavior+ecephys,102,2,2,66,0.9888690112480856,-0.7237220995462404,0.4912798945838608,-1.9939520460069833,0.14986435830237485,3.1282717933055513,0.3361750393515612,,1.0,,1.0,,1.0
sub-CS48_ses-P48CSR2_behavior+ecephys,103,29,189,744,0.39076822760716695,-2.7542908599418188,0.08732117733736713,2.1606595132596706,0.008147718364496372,2.692125861199427,0.6347077494951063,4.4282944235101525,0.010796116487391849,1.4411227341893609,0.23691520185621087,6.835113417364133,0.009567616865614026
sub-CS48_ses-P48CSR2_behavior+ecephys,104,11,58,311,0.29626347369448436,-1.1301739245926894,0.08007214751472176,-2.9559002765127236,0.029025185658718887,1.8592200508463093,0.5744641591064833,0.9654925043007466,0.3898691428816962,0.37186983084192304,0.6912472092043805,3.23253856581927,0.07669416163864495
sub-CS49_ses-P49CSR2_behavior+ecephys,4,10,41,277,0.10156702266450063,2.886565698524414,0.15408530842589316,2.20631803525317,0.04866831461163735,2.218739658827023,-0.2054285424951712,0.10315860092931185,0.9063601837650161,0.9734335731808075,0.38011657014615785,0.221527766754645,0.6399668014098923
sub-CS49_ses-P49CSR2_behavior+ecephys,5,10,54,250,0.07216032245257786,-0.12885348104531222,0.06609402118859961,-2.97508852366975,0.04211240857009429,-0.5377532805140324,0.043877834896259085,0.05207112136460013,0.9516387154187461,0.23589466039146892,0.791386287456283,1.458181490898388,0.2318061315908877
sub-CS49_ses-P49CSR2_behavior+ecephys,6,3,15,82,0.9640211191747572,1.98782637779206,0.2664475108712049,-0.8244617591839952,0.2089292335885079,0.1890444471509044,0.5669170194753324,,1.0,1.0649141407419127,0.3507129112243005,,1.0
sub-CS49_ses-P49CSR2_behavior+ecephys,7,39,199,1586,0.12433061641199865,-2.1320023660320775,0.009598825806227743,1.8270456486008362,0.010758055022573777,-0.21587821279784755,0.8566584666187546,0.6028659849181144,0.5502182388080998,0.01833535391480243,0.981876498999172,3.0134714387263766,0.0838804162847624
sub-CS49_ses-P49CSR2_behavior+ecephys,8,35,153,848,0.1364843127448884,1.0021319704633405,0.025290833593477037,-2.2708086406930574,0.05810297218378941,1.0421438759174306,0.6873335099251987,0.6519788668905576,0.524315570595063,0.09786281836950084,0.9070489405156581,7.858664149543435,0.005594186589681471
sub-CS49_ses-P49CSR2_behavior+ecephys,9,10,35,283,0.3799314928142491,-2.6486447933358845,0.15484734031730452,1.221410840861981,0.12886977855682427,0.5276528373934264,0.4208920371415948,1.4434793923206382,0.24126372303660326,0.8392194581170092,0.43509354185900023,6.733046431043536,0.012892778058982701
sub-CS49_ses-P49CSR2_behavior+ecephys,10,2,8,21,0.9982772335622676,-2.8068830477612354,0.24001827774360296,1.770543922831581,0.30533723399551876,-0.9336222934573448,0.6123408741254556,,1.0,0.4608701892080427,0.6450561718834207,,1.0
sub-CS49_ses-P49CSR2_behavior+ecephys,11,136,725,3633,0.07513087273894233,-2.0185937143129684,0.011110770206330788,-1.8522508356522935,0.00851017411634215,0.8740016706862751,0.7423339856041142,0.76767213323806,0.46490166837951385,0.08950068056896873,0.914441550405913,0.06348204963580377,0.8011349991905706
sub-CS51_ses-P51CSR1_behavior+ecephys,11,7,10,86,0.17332686419546933,0.4987132062430605,0.3354265634197438,-1.3468261979826595,0.061277211635979774,-2.939571699401646,-0.3186213407624956,0.21029541296284268,0.821243025572534,1.1251097944757942,0.3331267666811427,1.5984906483580799,0.22541047430872352
sub-CS51_ses-P51CSR1_behavior+ecephys,12,7,53,261,0.15454826602145783,-1.4746456093279172,0.18399831460878396,-2.018319333768133,0.10016155276454172,-0.7024105619039234,-0.08698965008744625,0.16719616571167506,0.8552525780677728,1.794335128280271,0.1665347464455773,0.16672429169647124,0.6845431646188287
sub-CS51_ses-P51CSR1_behavior+ecephys,13,2,16,44,0.25439822975298604,-2.946420109743263,0.08467344610909766,1.0744546120893772,0.07964345327396599,-2.922440172263038,0.5005572441648691,,1.0,0.11471347961584426,0.8946208716432281,,1.0
sub-CS51_ses-P51CSR1_behavior+ecephys,14,5,20,102,0.4157433771228185,1.9971264442333758,0.10646943487023391,1.7261936831134421,0.08404370830967746,1.0934666205043948,0.5922373698037481,0.8642127781074305,0.44404262915345427,0.22671481123173964,0.8011573892710178,0.04264085881682999,0.8382200869810834
sub-CS51_ses-P51CSR1_behavior+ecephys,15,10,27,166,0.2186277291636317,-2.5724420120995757,0.13695794307598716,-2.8482240148480438,0.004714898362568022,2.095844402940045,0.22967681901595194,0.47798083959246296,0.6315446102014985,0.5064519106333442,0.6068863290283487,0.05865914208056982,0.8100414992369733
sub-CS51_ses-P51CSR1_behavior+ecephys,27,0,1,20,,,1.0000000000000002,-2.758863395600109,0.23293033184512105,-1.7606911534325633,,,1.0,,1.0,,1.0
sub-CS51_ses-P51CSR1_behavior+ecephys,28,1,11,58,1.0,2.4099993730889633,0.27685263784065356,0.6057037003430265,0.14050963305813557,0.41037258152674816,0.5663514651011691,,1.0,0.843121213872609,0.44030802331162583,,1.0
sub-CS51_ses-P51CSR1_behavior+ecephys,29,7,49,305,0.24247917731591354,-0.4098317964334007,0.038813687468677825,-1.5387943699426454,0.09716586974188487,-0.32653766777747306,0.7240336152969923,0.4115730600226157,0.6784273069839034,0.07381861441089371,0.929512528841258,0.5733743219347592,0.45221267054992487
sub-CS51_ses-P51CSR2_behavior+ecephys,9,2,48,448,0.8620862461073026,-2.1142592267271865,0.07575412885465457,2.7918080331185915,0.06534110119132708,-3.0288291350322756,0.8384498452463672,,1.0,0.2754570258493252,0.7611056352537081,,1.0
sub-CS51_ses-P51CSR2_behavior+ecephys,10,5,56,292,0.19708884687672418,-0.9348576272159456,0.1615136769933461,1.3093096954409051,0.05944486940255633,0.909122277738378,0.09920501813385943,0.19422006781598414,0.8378912440999606,1.4608533999310125,0.2328670697492215,1.8114105763848178,0.1834882019198939
sub-CS51_ses-P51CSR2_behavior+ecephys,11,2,22,158,0.3547809464958661,-0.06724881754525075,0.2061019786342642,-3.0661841886185544,0.07274500024733546,2.9547229127766554,0.26508021763562684,,1.0,0.9345165631330913,0.3973261195733971,,1.0
sub-CS51_ses-P51CSR2_behavior+ecephys,12,0,36,427,,,0.1345472546216365,-1.1282053383800879,0.02729347226925014,1.2639588959670667,,,1.0,0.6517066941439014,0.5243650039735877,,1.0
sub-CS51_ses-P51CSR2_behavior+ecephys,13,20,100,670,0.23657208001524938,-2.710694676888054,0.10394525988667572,2.2231181363027392,0.0643482464146585,-0.2515292759839983,0.38948624515501173,1.119326980854831,0.33065314489666736,1.0804617052908556,0.340287124843027,3.1456350606961974,0.07870996613693582
sub-CS51_ses-P51CSR2_behavior+ecephys,38,2,8,146,0.20812138682939257,2.8513892137442007,0.5086615218489322,0.13170477780852397,0.14507718039150946,-0.20123482637864007,-0.41929031981762127,,1.0,2.069892350477374,0.12567733196971398,,1.0
sub-CS51_ses-P51CSR2_behavior+ecephys,39,9,49,303,0.6422357331309216,-1.6898288432423474,0.180969775151377,-1.800969833968617,0.09253408574444034,-2.838837420952596,0.5603290470468578,3.7122006321919114,0.019641662976768573,1.6047529163986574,0.20160311998778144,0.027908633268008416,0.8679255949333478
sub-CS51_ses-P51CSR2_behavior+ecephys,40,7,37,259,0.7319599276668197,-0.901856522433787,0.030801749133373874,-0.7218914782453725,0.01955800065937569,-1.0002388773268467,0.9192362435863636,3.7503573499701117,0.01722820696973623,0.03510366673798603,0.9659536190558047,0.016777859182537717,0.8975571324410396
sub-CS51_ses-P51CSR2_behavior+ecephys,41,6,45,181,0.4083922816676715,-1.4038869310608448,0.08527291307711168,0.845107632046763,0.05357198957903075,2.5142051506682512,0.6545313950229106,1.0007055343543603,0.3843924168928439,0.327216136709549,0.723124775631305,3.615593928514076,0.063128741265708
sub-CS51_ses-P51CSR2_behavior+ecephys,42,17,90,538,0.2549692839890841,-0.2829353449317663,0.13790411393518878,2.804519718421805,0.014071118520299762,-0.4322565116245523,0.2979717401901053,1.1051587082244057,0.3361556246990382,1.7115790176224575,0.18083128578916458,10.073955841896282,0.0019733170115208143
sub-CS53_ses-P53CSR1_behavior+ecephys,30,19,127,602,0.10691144121981981,-2.9029274695971057,0.028966007504105305,0.7457489804235632,0.05171929327815034,-2.3648910754311143,0.573645107762389,0.21717106901028077,0.8088942377665863,0.10655675802244137,0.8992808231531003,3.6608526431055006,0.05768969249789757
sub-CS53_ses-P53CSR2_behavior+ecephys,43,57,338,1665,0.20574184079612798,0.17943118898896943,0.04097704214619289,0.635604019150508,0.009404601165668179,-0.09745653090675638,0.6678240298633916,2.412793188088218,0.08916854965649477,0.5675418782711935,0.5672584503669473,0.6997951987416028,0.4033608770030721
sub-CS53_ses-P53CSR2_behavior+ecephys,44,9,92,381,0.19881902333932303,-2.5453524468774003,0.03678480845085404,0.42228480437929283,0.05189911981533792,2.4890899076021262,0.6877401511566782,0.35576103637442047,0.7121714587403636,0.12448723621447408,0.8835093243629303,3.6390872167857355,0.0593359344124722
sub-CS53_ses-P53CSR2_behavior+ecephys,45,38,248,1057,0.11408361026746469,2.1333786664827654,0.07752062426014787,2.644960121634073,0.049324676627675944,2.0610975782670975,0.19082556341962076,0.49457266500303343,0.612835845838561,1.4903429020493906,0.22546853336278397,0.4949105230869568,0.48232131339815754
sub-CS53_ses-P53CSR2_behavior+ecephys,46,15,94,502,0.207453773214374,-1.7260189597665692,0.07514552659216596,1.5125696905795978,0.03199977262537533,2.9257090389823794,0.468183207505407,0.6455560203132138,0.5321794337635921,0.5308039156805086,0.5893549947656953,6.710261796548837,0.010921360796518176
sub-CS54_ses-P54CSR1_behavior+ecephys,38,6,23,278,0.908427032847518,-1.5338923185012316,0.4199555453325208,-0.6953465540216567,0.11516973744877158,-0.7285912982335455,0.3677189806149306,4.951438044048873,0.0022894834341999405,4.056341181277303,0.01567884092607694,2.3379330438193655,0.13788934042423984
sub-CS54_ses-P54CSR1_behavior+ecephys,39,1,12,334,1.0,-0.8494148970605708,0.5854055688909391,0.08880834306940023,0.06496810249584961,-1.1932578102916516,0.26150685934520085,,1.0,4.112396161062288,0.013178050394177562,,1.0
sub-CS54_ses-P54CSR1_behavior+ecephys,40,26,107,1008,0.15703606173637522,-0.00042737279242982404,0.14799714760185578,0.5566234168898434,0.03126761205190369,0.9631222345182276,0.029632557563582473,0.6411684418274369,0.5311438988840259,2.343637659716547,0.0957961604082653,0.5756814214490202,0.4493730416946632
sub-CS54_ses-P54CSR1_behavior+ecephys,41,40,208,1331,0.02566903337648897,0.42532765753847807,0.09674705626831948,1.2799651880194007,0.04505592843628799,-1.3574828330857969,-0.580626477271608,0.026355970979332188,0.9743038217376843,1.946878522489758,0.14273686410345388,0.36684091175998984,0.5452896900719313
sub-CS54_ses-P54CSR1_behavior+ecephys,42,28,165,870,0.2467772194142471,-0.7767610358307352,0.16545451015835122,1.135039196925757,0.04421467149769968,-0.7754745346495905,0.19727425965053982,1.7051718886111686,0.18259085934235414,4.516907163737091,0.010733669835222113,10.087161471247377,0.0017411078712935568
sub-CS54_ses-P54CSR1_behavior+ecephys,43,3,36,431,0.5223800179994811,0.4397651763143457,0.12961444659833804,2.864056746451946,0.04409049260602956,-1.7252612898839224,0.6024062974881533,,1.0,0.6047965716117633,0.5494126471027166,,1.0
sub-CS54_ses-P54CSR1_behavior+ecephys,44,66,481,2901,0.17435017791964635,-1.5780392815399302,0.029000714851920666,0.5678374887492914,0.01370078012412085,-3.001137717206393,0.7147716987453954,2.0062669796804142,0.13448502085670766,0.40454094318468015,0.6675069805071258,13.70165075136739,0.00023605121644587612
sub-CS54_ses-P54CSR1_behavior+ecephys,45,6,13,126,0.6950068657035166,-2.4221337091259714,0.04730465672899236,3.091004905337542,0.06286996138244669,0.44479242357762505,0.8725476964873781,2.8982072602501554,0.04820759244153269,0.029090497127221428,0.9723877951805958,0.18376986397015782,0.6735359394046616
sub-CS54_ses-P54CSR1_behavior+ecephys,46,27,203,1279,0.17224868820608882,-0.13603480194511475,0.08858913557325754,-1.591439583977474,0.08282337094764902,-0.5629545716794967,0.320733977230244,0.8010794858953969,0.45290008659789366,1.5931510931482518,0.20344711711016855,3.900741530552132,0.04947129581426524
sub-CS54_ses-P54CSR1_behavior+ecephys,47,26,147,1141,0.10982964868903937,0.46644546680008175,0.07566161544698864,1.567558879734839,0.06400066191645708,-1.2090445967740082,0.1842029240632808,0.313626345010103,0.7345204874877752,0.8415279676510545,0.4317683091571814,1.4029532204481052,0.23787341917280314
sub-CS54_ses-P54CSR1_behavior+ecephys,48,3,22,355,0.7238111789584302,-2.3689397240235874,0.2948567644026145,-1.9944013060517212,0.058475063968392235,0.38835630669269233,0.42109346559046684,,1.0,1.912691253307536,0.14798983546083613,,1.0
sub-CS54_ses-P54CSR1_behavior+ecephys,49,40,244,1558,0.216250583807721,-0.3237615944655634,0.055644646301094725,1.3055813173985005,0.013767768604005009,-1.1661021593825485,0.5906905297395245,1.8705725998872067,0.15427845318407513,0.7555037055216401,0.4702272301351059,7.0683745138088385,0.008293842060959178
sub-CS54_ses-P54CSR1_behavior+ecephys,50,30,139,1123,0.09543613975196732,-1.388176128777266,0.06261588334046408,0.5345244381539072,0.056601487820378604,-0.21592911093599557,0.20765476941924,0.2732417031227111,0.7639059090438295,0.5449840896644185,0.5806795086832949,3.6016325356979983,0.05944825698826939
sub-CS54_ses-P54CSR1_behavior+ecephys,51,80,542,2530,0.15202994978370007,-0.7355422272851152,0.022441918986115705,-0.31404569981256997,0.02185132019143942,1.8967050554310871,0.7427445565368046,1.8490484504987492,0.15752683992191088,0.2729727324564243,0.7612790611859478,0.5583242116669238,0.4552195091100759
sub-CS54_ses-P54CSR1_behavior+ecephys,52,89,575,2535,0.13549227614488465,-1.2282995933056462,0.04002140141089473,0.5004212289673495,0.02113488465801938,1.8790848322374083,0.5439511955052543,1.6338759636480293,0.19550350263489968,0.9209847282628809,0.3982989737169336,11.398069778736435,0.0007781923984716554
sub-CS54_ses-P54CSR1_behavior+ecephys,53,46,237,1377,0.049958534530574195,-3.056512738460203,0.036823669424947705,0.8818521449494099,0.013014646595774941,2.6016599859953167,0.1513543619191608,0.11480933793235841,0.892583163858425,0.32136788329052535,0.7255692351161827,3.840685905257811,0.05101132000115738
sub-CS54_ses-P54CSR1_behavior+ecephys,54,24,138,705,0.08750984349482002,2.095016538650362,0.08795319802865292,-0.2317780052573193,0.01762291129742728,0.7674122533222176,-0.0025267687712662314,0.18379134500370947,0.8350006778743673,1.0675355759985063,0.3444777235264808,3.7167080491006312,0.055641564618790995
sub-CS54_ses-P54CSR1_behavior+ecephys,55,8,64,389,0.47093400388516987,-0.8663895333532768,0.07865527112242751,-0.0036466045456887463,0.059107346049610626,-0.5399555739846303,0.7137670813487393,1.7742306881225376,0.1720835864095432,0.39594570722192507,0.674716830133483,0.8736378266653695,0.3531633884946255
sub-CS54_ses-P54CSR1_behavior+ecephys,56,5,20,161,0.2931688205601077,0.862336797068699,0.13142135124430848,1.2451377205887668,0.013580227522095185,1.7321582862583642,0.38094963109581065,0.42973978674302304,0.673385986154444,0.345431431257598,0.712999773298459,0.0755673243460561,0.7858510856768752
sub-CS54_ses-P54CSR1_behavior+ecephys,57,54,268,1613,0.16221950956336395,-0.23664387842249893,0.08163420210152354,1.0808732782448929,0.011561454033795613,-2.7766518568150205,0.3304657817658466,1.4210191412808297,0.24240223291016927,1.7859903113376407,0.16769103853842868,5.617486668595491,0.018374700781484954
sub-CS54_ses-P54CSR1_behavior+ecephys,58,12,105,777,0.23486322987315875,0.9031852792050201,0.14404761089593965,-0.8096726895042202,0.02166691166979305,-1.1803549033573213,0.2396754307501076,0.6619288409574264,0.5256431778441315,2.1787199915069433,0.11308106508509846,3.4311143078199677,0.06654330404476738
sub-CS54_ses-P54CSR1_behavior+ecephys,59,13,76,584,0.43469367086325583,-2.6534842232668523,0.07136472414794182,2.3186014646638706,0.08714630698531342,-1.9359369194601297,0.7179585405499983,2.4564616373514436,0.08378108932675837,0.3870622128060991,0.6804459355928614,2.561767985579239,0.1131013264055657
sub-CS54_ses-P54CSR1_behavior+ecephys,60,44,188,1329,0.1412944018318991,-1.3504926973866795,0.025436466194423583,0.7318391458114758,0.05612888859987069,-1.5136232656612658,0.6948799404030237,0.8784207515175034,0.41778982234784284,0.12163859674249011,0.8857372591557823,5.521899132342434,0.019626326980735076
sub-CS54_ses-P54CSR1_behavior+ecephys,61,51,386,2534,0.26686251856167614,1.1528655243826271,0.010253184311548483,1.2761388898352535,0.029314005827863795,2.0037609002259766,0.9260006978656196,3.631995794467128,0.025679527169775625,0.0405793263712614,0.9602824221422399,0.024146947528615924,0.876583675758648
sub-CS54_ses-P54CSR1_behavior+ecephys,62,0,0,26,,,,,0.04991930162061414,0.927194432991554,,,1.0,,1.0,,1.0
sub-CS54_ses-P54CSR1_behavior+ecephys,63,116,950,3809,0.10873299946109398,-2.7792247137385493,0.01438066114718304,-1.2852710562311669,0.0198805428341763,-1.5038988266463378,0.7663839889719561,1.3714523599295265,0.2542129190415361,0.19646324427859482,0.8217081423519542,7.145589879451179,0.007629852729357678
sub-CS54_ses-P54CSR1_behavior+ecephys,64,24,202,950,0.2768923056036992,-0.10747885492036058,0.0456876781574866,0.026251222880582882,0.025551900387353117,2.5446494120993033,0.7167358146356015,1.8400643736607765,0.15932509938937295,0.4216475149552598,0.6565059446386119,0.036812870754919666,0.8480203557087186
sub-CS54_ses-P54CSR1_behavior+ecephys,65,10,62,477,0.06742345644957969,-3.0485690343747938,0.09172200087105585,0.7270791451505133,0.07125886963288111,2.3508462083439436,-0.152681357234854,0.045459224796083685,0.9576537608999585,0.5216013775149781,0.5954220285960078,1.281789048551283,0.26143006162215787
sub-CS54_ses-P54CSR1_behavior+ecephys,90,18,114,847,0.23244059210076098,-1.7502991053277293,0.0963275734747325,-0.8017351141102752,0.019044926992214366,2.7246414431510533,0.4140091191243195,0.9725153194107423,0.3835392438107589,1.0578061609144187,0.34797965590613017,1.4702719663468022,0.22750173421563558
sub-CS54_ses-P54CSR1_behavior+ecephys,91,22,135,981,0.15342993878300062,-1.4956128800571293,0.08627546789436648,-2.1732103895817407,0.03337456865089774,0.9824970195617689,0.28015417682681265,0.517896414529017,0.6010249314543605,1.0048666086529012,0.3667742759452368,0.6438161612518982,0.4235608121172343
sub-CS54_ses-P54CSR1_behavior+ecephys,92,10,63,605,0.37330564421605894,-1.93951944366715,0.17568962613051767,0.15081144172529154,0.04189069630687501,1.475942813207615,0.3599594181581706,1.3935710400356678,0.2538719284217891,1.944611217982508,0.14310675687278163,6.140407548115384,0.015592793302041552
sub-CS54_ses-P54CSR1_behavior+ecephys,93,14,77,492,0.23417803048477287,-1.4261863979613405,0.09239615010925892,-0.8948060935830005,0.0336636075522205,2.1649554544205984,0.43414908097638216,0.767750899464181,0.4721264507065502,0.6573527387359783,0.5197128637651937,0.3469350308205145,0.5573453728078428
sub-CS54_ses-P54CSR1_behavior+ecephys,94,3,39,300,0.34144664905643435,0.5678113461088796,0.20293354767519395,-0.9081162519938568,0.049327781971106696,1.4128337751925415,0.2544418445286051,,1.0,1.6060989661095684,0.20150421802167778,,1.0
sub-CS54_ses-P54CSR1_behavior+ecephys,95,7,58,365,0.5850136540106723,2.7871507726170477,0.09692639110164665,-2.353541035300807,0.05584296019593205,-2.3328567584811566,0.7157333938772216,2.39568682765243,0.08771294002744849,0.5448940669353832,0.5818938230836883,1.71074181796287,0.19564168133602255
sub-CS54_ses-P54CSR1_behavior+ecephys,96,28,125,1135,0.20237532684031012,-1.5822743907833698,0.07161826095754252,-1.7684156891532585,0.016304613477984817,1.3559214500623926,0.4772267370696197,1.1467616415842259,0.3205051567175419,0.6411469128228324,0.5276081226914267,0.06554386051060006,0.7982874224168298
sub-CS54_ses-P54CSR1_behavior+ecephys,97,13,100,736,0.2230170640275619,-2.7629847827430027,0.07365312635535165,-1.1763539685218114,0.033190557033223836,1.5252180392539283,0.5034679671706334,0.6465759410171574,0.5328745707296932,0.5424783021917395,0.5824577937285456,2.584403540367338,0.11076192042208821
sub-CS54_ses-P54CSR1_behavior+ecephys,98,35,179,1257,0.24917262837955276,-0.8121443921313352,0.06381475440309026,1.4166965670774019,0.014638647916066711,-2.06908149519502,0.5922215532412882,2.1730449556751146,0.11352215065137355,0.7289457954352841,0.48304289997017436,11.965223516076195,0.000655113550102504
sub-CS54_ses-P54CSR1_behavior+ecephys,99,16,139,1141,0.2533423431144179,-1.6019457889641244,0.05995704001105594,-2.274118055362525,0.0373410919616433,1.659279980064784,0.6172540181029106,1.0269174850352552,0.36390580669963374,0.49968368391734336,0.6075419342066543,0.6524447467394013,0.4204940003756725
sub-CS54_ses-P54CSR1_behavior+ecephys,100,36,228,1698,0.1461319713607733,-1.1978000659475034,0.028640529149776973,0.8214630345010814,0.027599289978839366,1.3231643463167788,0.6722535974926094,0.7687639099362912,0.46666794919908333,0.1870238194752632,0.8297323289326624,5.6352851838731395,0.01832379292393338
sub-CS54_ses-P54CSR2_behavior+ecephys,45,7,48,436,0.7740062671709953,1.8464705011391394,0.049208332308034376,1.2867959846517818,0.03695843792989494,2.960060298652529,0.8804483488529582,4.193599911339847,0.009491138761163281,0.11623007848982111,0.8912840958317692,0.2863822412972995,0.5947866144196579
sub-CS54_ses-P54CSR2_behavior+ecephys,46,7,43,161,0.8648591394112884,0.06225906900536714,0.3135804667496445,-1.4063233393165075,0.10571731938807054,-1.5759172759501923,0.4678039245961653,5.235869317162641,0.0018559039048990672,4.228306492457771,0.013761842836546889,6.624567332496386,0.013201050013305071
sub-CS54_ses-P54CSR2_behavior+ecephys,47,34,118,1124,0.14759599981909632,1.864891439628831,0.07413486418388018,-1.3953049770181816,0.023921592667787945,2.0109169618421654,0.331307668716025,0.7406756915283552,0.4800996029372725,0.6485254143323586,0.5237896866250775,10.80206244722617,0.0012626646612253767
sub-CS54_ses-P54CSR2_behavior+ecephys,48,13,120,675,0.5362057907129105,-2.144637534047574,0.07257890768650985,1.9547171229584772,0.03575121521882288,-2.799369713136782,0.761561327420581,3.737716449922749,0.020610778460427397,0.6321237409160302,0.5324218234301972,9.258874293838335,0.002832360962835012
sub-CS54_ses-P54CSR2_behavior+ecephys,49,63,475,2329,0.11512213959586672,1.0369606965120828,0.049425663911492224,0.08794194934385324,0.01717002428217243,0.5543668707648824,0.399254649919629,0.834945742583204,0.4355851255260888,1.1603757202185978,0.3135293374488617,2.544150389849467,0.11129287639771324
sub-CS54_ses-P54CSR2_behavior+ecephys,50,0,4,22,,,0.6181889982304273,-2.7827696467818885,0.0309290651028113,1.5366874738495626,,,1.0,,1.0,,1.0
sub-CS54_ses-P54CSR2_behavior+ecephys,51,0,11,76,,,0.3231598791184751,0.7169414529120098,0.14393401224029964,0.5384796691503215,,,1.0,1.1487553821905419,0.3245052650199879,,1.0
sub-CS54_ses-P54CSR2_behavior+ecephys,52,1,12,42,1.0,-3.019348896332601,0.5447976865792595,3.0599183869308204,0.14266648374676896,0.7786672228532566,0.29466791501269196,,1.0,3.561654231625357,0.024830435805801153,,1.0
sub-CS54_ses-P54CSR2_behavior+ecephys,53,3,18,160,0.46644344142527816,-0.09370817942160879,0.4350024353590489,-0.8226112618378043,0.09345094107784517,0.02982084430380678,0.03487841796823878,,1.0,3.4060881378294634,0.030842629330570238,,1.0
sub-CS54_ses-P54CSR2_behavior+ecephys,54,2,26,179,0.9802429610700565,1.0976087913733952,0.06543721338305544,1.4068245810866091,0.07178139806019115,0.14075163315236228,0.8748427770139585,,1.0,0.11133275127882779,0.8964445846383948,,1.0
sub-CS54_ses-P54CSR2_behavior+ecephys,55,20,91,782,0.1639114208388621,3.0047311141263227,0.07937723036437253,-1.1711466145694949,0.037350049471699905,2.9778431904373193,0.34746458602326147,0.5373390776282911,0.5901132196093731,0.5733677677289984,0.5648945140091393,4.64135106801382,0.033412385742495276
sub-CS54_ses-P54CSR2_behavior+ecephys,56,149,859,7649,0.07966573938563266,-1.890806531697544,0.016623512300384512,1.6553662298482086,0.006948930299081373,0.43480530086154273,0.6547171774770677,0.945647874747072,0.38907996115339377,0.23737705747168925,0.7887898921201553,20.891650212875007,5.463776817982158e-06
sub-CS54_ses-P54CSR2_behavior+ecephys,57,1,6,1203,1.0,1.5621316185635867,0.19852943211155855,1.2148503560374504,0.023517630498007685,-1.2260514812481882,0.6687116281128097,,1.0,0.2364836124872276,0.8031715677392641,,1.0
sub-CS54_ses-P54CSR2_behavior+ecephys,58,1,15,2523,1.0000000000000002,-2.084363276244696,0.17011843421482384,0.5667784383461408,0.015162996935916965,2.297071542480559,0.7092286913179396,,1.0,0.4341042248955502,0.6552699684081298,,1.0
sub-CS54_ses-P54CSR2_behavior+ecephys,59,10,92,1107,0.31880194600382106,1.6241371831064522,0.07797058374417783,-2.680795601604469,0.04110377373004108,1.5532625569819603,0.6069758972794862,1.0163468077582323,0.37148506377945845,0.559305897505522,0.5728609151761004,4.109870933375119,0.04529449499862348
sub-CS54_ses-P54CSR2_behavior+ecephys,60,0,0,34,,,,,0.12693412444284127,-0.3173440898076994,,,1.0,,1.0,,1.0
sub-CS54_ses-P54CSR2_behavior+ecephys,61,36,102,845,0.18509922931808281,-2.129943141427555,0.08681014632247862,-1.9695421167738785,0.03076240276442192,-2.0135221777804566,0.3614773590063077,1.2334220889893357,0.2932452727894884,0.7686721534620751,0.46470818085511206,0.054280160418555136,0.8161264133954017
sub-CS54_ses-P54CSR2_behavior+ecephys,62,14,120,694,0.22965148002468658,-2.2891744594630636,0.04790923707463999,2.876751416661873,0.02840702639515971,1.7106562091679596,0.6547837347062667,0.7383572318854063,0.4860709100396184,0.2754353996488871,0.7599931620716315,1.3143261959369794,0.25368681723888
sub-CS54_ses-P54CSR2_behavior+ecephys,63,20,85,518,0.08051267020504019,1.6592899420840423,0.012457527865067809,1.4695635457307834,0.027698930557773036,2.780623267801499,0.7320102974143672,0.12964580127091133,0.8810609442487528,0.013191150043259978,0.9869714056126296,0.011562765407277804,0.9145774676658163
sub-CS54_ses-P54CSR2_behavior+ecephys,64,0,0,111,,,,,0.11997294298813692,0.10417517949683398,,,1.0,,1.0,,1.0
sub-CS54_ses-P54CSR2_behavior+ecephys,65,3,26,209,0.9789227772591982,-1.2426114211240908,0.13002139957156333,2.214147521034316,0.11542007081841324,-1.1956716711748705,0.765504157399248,,1.0,0.43954467301025135,0.6486083913475006,,1.0
sub-CS54_ses-P54CSR2_behavior+ecephys,66,36,165,1305,0.14288602684022833,0.5064215326452595,0.00937568492436494,-2.776265721148805,0.036867922420792905,1.6539008013986192,0.8768477667076228,0.7349909999827122,0.48263939804104267,0.014504072187159059,0.9856435695847447,3.1462217741875516,0.07763228098913855
sub-CS54_ses-P54CSR2_behavior+ecephys,67,2,45,276,0.8759273336059733,-2.639790511843044,0.3059440044273847,0.360365488154006,0.12787358034157062,0.29905066334091623,0.48227189444076446,,1.0,4.2120780230278605,0.014033255604995007,,1.0
sub-CS54_ses-P54CSR2_behavior+ecephys,89,13,88,330,0.40520720485731104,-1.6301066595740115,0.03355016287292766,0.21007177095865442,0.0901215735710758,2.639867919735357,0.8470673527535824,2.134507425287573,0.11764455636007494,0.0990539817343977,0.9061778318248352,3.1060968168302976,0.08108599551040974
sub-CS54_ses-P54CSR2_behavior+ecephys,90,9,56,478,0.07356094095202907,-2.329449349898478,0.07655366943373625,1.179674523595683,0.03027722850576577,2.770731405085129,-0.019936290505077718,0.048700908303731166,0.9549449124241058,0.32818600101110673,0.7219961714461103,1.3346560835332144,0.25234149750501556
sub-CS54_ses-P54CSR2_behavior+ecephys,91,28,197,1753,0.06533399221552007,0.5709514756181855,0.12059230707594286,0.9246338927982523,0.03194064323977129,0.9549856297449736,-0.2972054791119056,0.11951885508689383,0.88912357136059,2.864873391602004,0.05681030114070278,0.11781196193521518,0.7317431776947524
sub-CS54_ses-P54CSR2_behavior+ecephys,92,8,46,446,0.27244826321409515,3.1007731476907767,0.05185598437459312,-2.8952109367551606,0.02181984818202418,-2.3344108045078817,0.680201633125931,0.593824449027015,0.5671452558353123,0.12369598331107011,0.884761466081838,0.04932347367729295,0.8251146399809041
sub-CS54_ses-P54CSR2_behavior+ecephys,93,48,280,2052,0.0405147443327697,-2.572983039843042,0.03980258564780219,-0.18616472807007006,0.01657267124209403,1.8171032328762518,0.00886681224512538,0.07878933640078534,0.9249617202398015,0.443588830790176,0.6421250669028438,3.3856352159530814,0.06667577287642212
sub-CS55_ses-P55CSR1_behavior+ecephys,6,42,272,1262,0.09506400187796145,2.3985246379664518,0.04871607565740093,-3.0096711476231484,0.02988064387504204,-0.1600297671051329,0.3223529087968488,0.3795609070282284,0.6866744969460679,0.6455256394684703,0.5248087512499079,1.1975999801692645,0.274646020526383
sub-CS55_ses-P55CSR1_behavior+ecephys,7,61,310,1560,0.1773283673386315,2.925375445018242,0.0472624041171378,2.7474515231172947,0.031247885080912318,2.423543142866356,0.579124255099274,1.9181663416420627,0.14697396444402938,0.6924578013088096,0.5007105730643363,0.10511279323078383,0.7459619678837567
sub-CS55_ses-P55CSR1_behavior+ecephys,8,484,3190,15744,0.06336667421231426,1.755019353171014,0.02755884745847018,0.17994382806388085,0.009949495950319501,-0.15412239549189877,0.39381491682273856,1.9434223339531134,0.1432211688337571,2.4227733336331383,0.08866822992089438,26.436649704735913,2.865415064112753e-07
sub-CS55_ses-P55CSR1_behavior+ecephys,9,166,912,5525,0.03906741180785502,-0.2814429840053316,0.019173017651877615,0.37790585085374767,0.016904830236995856,2.2830482556177185,0.34159078737103693,0.253359602450512,0.7767061261960618,0.3352554005618401,0.7152648370115142,1.0341082209549057,0.30942431029800266
sub-CS55_ses-P55CSR1_behavior+ecephys,10,79,483,2678,0.1316430877327664,-1.63351993457931,0.039442742487865286,0.9982399830687249,0.008160514343219264,1.023061567808858,0.538912808419025,1.3690623012775296,0.25504784387175344,0.7514175585876378,0.47192667326595383,19.201105788552862,1.4049041619057512e-05
sub-CS55_ses-P55CSR1_behavior+ecephys,50,98,719,3734,0.06396760512004603,-2.88132633040285,0.05796093358689533,-0.5846126748110524,0.021840706139901835,-0.7375272273453065,0.049263868794391916,0.4010017414698256,0.6707459297236438,2.4154588022081693,0.0892951462149662,10.74401625253437,0.0010904764647274856
sub-CS56_ses-P56CSR1_behavior+ecephys,11,209,1104,10659,0.05615221284353431,-2.212844114985751,0.03232918398180878,1.8728009413952527,0.048538968110839444,-0.6589470800777041,0.26924336319815056,0.6589918405101461,0.5179204491270757,1.153874455170324,0.31548212412880533,17.70483491236531,2.7552078897263854e-05
sub-CS56_ses-P56CSR1_behavior+ecephys,12,87,483,3904,0.12722807178685028,1.236000963996863,0.0034425841458899666,2.612499981201183,0.05476422872385498,-0.24745518081039913,0.9473089941836375,1.4082674558021937,0.2451580116834507,0.005724219245540415,0.9942980059187861,1.2490723131721349,0.2642022252730374
sub-CS56_ses-P56CSR2_behavior+ecephys,7,46,249,1216,0.16461580086943164,0.9755914384752549,0.01374286603060598,0.40824733880023106,0.022972259766850623,-0.1394551902105495,0.8458962912263942,1.246524647210681,0.28899323973475555,0.047027725317060766,0.9541488769853192,0.38756571884530683,0.5340659416922606
sub-CS56_ses-P56CSR2_behavior+ecephys,8,78,377,2546,0.03911705727403653,1.8165788298606955,0.11540896642840226,-3.0870258913230413,0.016538233213807003,0.22030885572549339,-0.4937156041837739,0.11935124524285985,0.8881339330423537,5.021349533591174,0.006529152748391845,2.628132615174376,0.10568092496490689
sub-CS56_ses-P56CSR2_behavior+ecephys,22,30,136,1188,0.12648359579360804,2.009907352950295,0.07857752250666784,2.6972515270108386,0.04314855225702546,1.69308223226606,0.23361851180773427,0.47994300014642466,0.6226069471485243,0.8397220778868811,0.4326065624471726,0.7040228154540865,0.4026566339330754
sub-CS57_ses-P57CSR1_behavior+ecephys,17,118,711,3519,0.03904100051122655,-1.1836423239527791,0.008155405434495501,1.8209886315890285,0.009531795285285485,-1.6237949487516667,0.6544056577581532,0.17985556706827585,0.8359701594139436,0.047289063476510115,0.9538426093954956,9.112177277916604,0.002617095974906003
sub-CS57_ses-P57CSR2_behavior+ecephys,14,37,250,1371,0.10646353468923478,1.5579449336657971,0.09930689549483548,-0.7647983943115088,0.01309466086858211,2.0790801128785734,0.03477972606655573,0.4193759160854582,0.6604147232050764,2.465464873205544,0.0848715249900997,7.111540602909586,0.008096626742945423
sub-CS58_ses-P58CSR1_behavior+ecephys,37,7,42,212,0.10356304679119133,-0.6726627268223253,0.027648667229216377,2.292245347636374,0.045883974612107546,0.05622771745885115,0.5785640415471425,0.07507713262472139,0.932388332786829,0.03210684958118163,0.9687660940117441,1.417380453218941,0.23981354898464435
sub-CS58_ses-P58CSR1_behavior+ecephys,38,25,101,694,0.2478968327648072,1.8223155167910925,0.19598482697911457,0.31029358285778863,0.031166298315616917,0.044888770748489064,0.11695010290725011,1.5363209923705698,0.21676291437241657,3.8794152930093806,0.020286443989207696,6.08217518926534,0.015021734086235083
sub-CS58_ses-P58CSR1_behavior+ecephys,39,10,59,198,0.12593614369360534,-0.011353335392209651,0.020247256483211275,2.210938616970088,0.07002799860399285,1.6438786063448425,0.722988294721273,0.1585991228841641,0.8595454774750882,0.02418713231071952,0.9763001989531269,1.3730485034402133,0.2454388571888424
sub-CS58_ses-P58CSR1_behavior+ecephys,40,8,41,89,0.23635049723485693,-1.7799508914731978,0.11882997512226583,3.124933625888717,0.07176859569525451,1.2605155152352219,0.3308755161359995,0.44689246034531294,0.6538054181276951,0.5789430824898909,0.5633213956451905,1.3461891928930863,0.25180529557181175
sub-CS58_ses-P58CSR1_behavior+ecephys,41,33,140,475,0.19892591024540715,2.056790346193732,0.1050015543808534,2.3111141358382947,0.0298911758968934,1.5031626803776648,0.30903543376723946,1.3058600863098049,0.27284374272944667,1.5435456991353438,0.2138929392203804,0.1650738164178482,0.6850354977831093
sub-CS58_ses-P58CSR1_behavior+ecephys,42,4,39,124,0.4225644638746889,3.113528840749131,0.1024645659357199,1.7504554665601877,0.08375861201579098,0.9347089805904173,0.6096803791107684,,1.0,0.4094605036234242,0.6667915869503472,,1.0
sub-CS58_ses-P58CSR1_behavior+ecephys,43,61,328,1347,0.10526938312502444,3.01936570885529,0.049385055783968235,-1.3040487438756534,0.03516267286273715,0.7252376531134809,0.36134964980825207,0.675980224434914,0.5105340519782688,0.7999538650096947,0.4496789163464336,8.058235700969627,0.004768503836825033
sub-CS58_ses-P58CSR1_behavior+ecephys,44,8,52,285,0.207855679993925,0.29723437671044134,0.04522576665128097,1.511890623294028,0.07210054433888748,0.12051478977369241,0.6425991138364021,0.34563186964589565,0.720591482543645,0.10635923839819811,0.899970870038417,0.719539687942391,0.39978217890036805
sub-CS58_ses-P58CSR1_behavior+ecephys,45,8,65,183,0.3263600287426726,-0.04314082773681986,0.23178286544048174,2.780805809630816,0.0357534677105978,-1.7851315327503516,0.16944973104173466,0.8520869468873448,0.4403274233262372,3.4920142862670303,0.02982021037601512,6.499940012603079,0.012948858367848204
sub-CS58_ses-P58CSR1_behavior+ecephys,46,2,43,217,0.7893521005137172,-0.28943691834797625,0.3004230446003324,-1.0650966254029266,0.040009962189032314,2.6509569768104138,0.4486513186738318,,1.0,3.8809222462581325,0.01973657606383614,,1.0
sub-CS58_ses-P58CSR1_behavior+ecephys,47,45,410,1835,0.14007112640293018,-0.7776504626264177,0.010617258153091752,-1.8300153042975225,0.0156470345146584,0.38230622235104045,0.8590832573542583,0.8828964203303539,0.4158741680508788,0.046217729982651244,0.9548866008274783,1.416633082776927,0.2345817461344204
sub-CS58_ses-P58CSR1_behavior+ecephys,48,28,77,382,0.22211449170986375,2.647993730663784,0.0661599657687357,1.989848243389348,0.034430393943207,0.1380699762823477,0.5409932163438572,1.3813757279708716,0.25320651025631213,0.33703986243006157,0.715181187282603,0.6606217621882583,0.41821523841823516
sub-CS58_ses-P58CSR1_behavior+ecephys,76,31,144,543,0.1980815354747549,-1.6553536184451136,0.09373885297077718,-2.966020919470474,0.03409676806684828,2.357595603044274,0.3575578905222832,1.2163251355771343,0.2986474163740345,1.2653240481038854,0.28260557455131136,3.825552231804227,0.05208712758251244
sub-CS58_ses-P58CSR1_behavior+ecephys,77,18,63,485,0.31069708486421604,-1.2925394392236598,0.09288392676219419,-0.28266690217692353,0.058176483072472286,-0.9187194320416924,0.5397012045344906,1.7375882137761935,0.17713419148245338,0.5435277025981732,0.5825276940438292,1.6212061077051039,0.20665762902782892
sub-CS58_ses-P58CSR1_behavior+ecephys,78,78,192,1320,0.11790351657887294,1.0246864171187464,0.11636531306153099,-1.3416499740728962,0.0026479949821236214,-1.3172933618150462,0.006565976018674991,1.084296659289836,0.33922423978394506,2.599850128110358,0.07413320464770125,16.298677597876697,7.066565490043697e-05
sub-CS58_ses-P58CSR1_behavior+ecephys,79,19,85,397,0.41250947452315684,1.9080435439754049,0.14003506587437467,2.7830123484972638,0.05726892585286221,2.2120078807397445,0.49312659655047675,3.2331172648560487,0.03725843115773787,1.6668346723274383,0.18915633331314557,2.1504373875997818,0.1456055784892214
sub-CS58_ses-P58CSR1_behavior+ecephys,80,16,87,567,0.1469177738295764,2.5730453609026007,0.06001948033381583,2.7728823041219504,0.031724178807503244,-2.6232529264494326,0.41992580720699024,0.34535731627261707,0.7143313935322579,0.31340340770009356,0.7320663143434573,0.034215630969354816,0.853619830304642
sub-CS58_ses-P58CSR1_behavior+ecephys,81,15,30,90,0.1428081909712012,-2.8282978063066158,0.0860551003673416,-1.5857199776691995,0.0275730175980615,-0.6111852962568765,0.24797812821763712,0.30591269112700614,0.7428450403107489,0.22216440897699707,0.803420570722019,0.9333477799987189,0.3393969067313166
sub-CS58_ses-P58CSR1_behavior+ecephys,82,12,53,203,0.2308963123199237,-1.7013557278671545,0.2223629989335043,2.043955992025178,0.014573892153735803,1.4169485217192042,0.018826559487154598,0.639757284515277,0.53724029445535,2.620601074619187,0.07219198212961236,6.147680057981529,0.015845767629525498
sub-CS58_ses-P58CSR1_behavior+ecephys,83,9,78,468,0.05040314772420387,-2.1557109617571113,0.13590982580152797,-0.1162199274240328,0.027724654082930275,-3.1116825133862784,-0.4589410842370282,0.022864295704571262,0.9786023053031068,1.440775498453331,0.23736234576386592,0.728243717631145,0.39585150782392087
sub-CS58_ses-P58CSR1_behavior+ecephys,84,7,96,379,0.41845884444532444,2.690630352313834,0.058875761089839204,2.670908335408925,0.0914863562872134,0.23824604471946645,0.7533145076551462,1.2257546314616137,0.3045098542692246,0.3327701034151511,0.7179718901554788,0.0004013632436321012,0.9840557331917309
sub-CS58_ses-P58CSR1_behavior+ecephys,85,25,92,458,0.36678228737697594,1.6999427855309193,0.19074288806204906,3.024662246656273,0.022079257128415297,-2.768383090654079,0.3157514800588226,3.363231158337164,0.03297281363143341,3.3472221398551265,0.03474618657287622,6.405495269740084,0.012727907380111758
sub-CS58_ses-P58CSR1_behavior+ecephys,86,84,459,2386,0.11063224592825484,2.7476883204063403,0.041378340028989456,0.3116834018991012,0.017565924977236184,2.5981641216921165,0.45558607292484415,1.0281174824869082,0.3587507946853857,0.785884663811594,0.45595341917822035,15.692818333884667,8.448111804226777e-05
sub-CS58_ses-P58CSR1_behavior+ecephys,87,47,224,1067,0.21607289150495557,-1.5779256752077628,0.11856147366175038,-0.48768856783795467,0.018142085943490545,0.5004280288139409,0.2913969035864789,2.194312238835678,0.11118044343081772,3.148728360253488,0.04273268909782984,4.810004422621279,0.02915113117237378
sub-CS58_ses-P58CSR1_behavior+ecephys,88,53,221,1275,0.2574383571337967,-0.030940534553389645,0.07896267276608517,2.8793498577003422,0.013770423519548011,1.0369782309443234,0.5305444053510439,3.5125489093586575,0.029059489403110622,1.3779579155704105,0.2523381749191173,28.982521622195403,1.579183640521009e-07
sub-CS60_ses-P60CSR1_behavior+ecephys,20,16,93,455,0.14823220688476002,2.4271735081430603,0.056087566331250845,1.6030814647739624,0.030242575724635914,-2.3132610962894966,0.4509824923116573,0.35156459452682076,0.7100024729858075,0.2925608040175091,0.7473528085445521,0.5722618549987609,0.45102390246236546
sub-CS60_ses-P60CSR1_behavior+ecephys,21,25,166,667,0.3591894377933684,-2.603487637865036,0.0968668191166756,-2.4225291516089102,0.030941325733818602,1.9703229914688842,0.5751979381974257,3.2254263055579018,0.03810626914067954,1.5576079871999369,0.21085920533416735,0.10735983976062868,0.7435328374934734
sub-CS60_ses-P60CSR1_behavior+ecephys,22,34,248,1130,0.17139139911124412,1.0633409198055253,0.06744673669138478,-0.3569960580817834,0.017004390768843674,2.9867669174787714,0.43520965389613137,0.9987503974365323,0.3710931000271329,1.1281674479986135,0.32394749841330905,4.3544700530819425,0.03781646589126575
